Date,ARKB Close,ARKB Volume,BTC Close,NAV Estimate,Premium/Discount (bps),Cost (bps),Create Signal,Redeem Signal,Spread Captured (bps),P&L Per Trade (USD)
2024-01-11,15.5867,17925000,46368.59,14.0497,1093.96,34.87,true,false,1059.09,8253.87
2024-01-12,14.6200,10364400,42853.17,12.9845,1259.57,36.78,true,false,1222.79,8938.60
2024-01-16,14.5033,8599500,43154.95,13.0759,1091.61,37.03,true,false,1054.58,7647.49
2024-01-17,14.2867,3750900,42742.65,12.9510,1031.30,37.50,true,false,993.81,7099.08
2024-01-18,13.6500,8620800,41262.06,12.5024,917.90,38.97,true,false,878.93,5998.72
2024-01-19,13.9100,6289800,41618.41,12.6104,1030.60,38.35,true,false,992.25,6901.08
2024-01-22,13.4017,9714900,39507.37,11.9707,1195.36,39.58,true,false,1155.78,7744.71
2024-01-23,13.0733,8473500,39845.55,12.0732,828.39,40.42,true,false,787.97,5150.68
2024-01-24,13.2000,7111200,40077.07,12.1434,870.14,40.09,true,false,830.05,5478.35
2024-01-25,13.2900,3729000,39933.81,12.0999,983.52,39.86,true,false,943.66,6270.63
2024-01-26,14.0067,7229700,41816.87,12.6705,1054.54,38.13,true,false,1016.41,7118.27
2024-01-29,14.4033,7533000,43288.25,13.1163,981.21,37.24,true,false,943.97,6798.17
2024-01-30,14.5367,6047700,42952.61,13.0146,1169.47,36.96,true,false,1132.52,8231.50
2024-01-31,14.1833,4866300,42582.61,12.9025,992.68,37.73,true,false,954.95,6772.18
2024-02-01,14.3533,5284200,43075.77,13.0520,997.07,37.35,true,false,959.72,6887.59
2024-02-02,14.3167,6437700,43185.86,13.0853,941.02,37.43,true,false,903.59,6468.17
2024-02-05,14.1267,3540600,42658.67,12.9256,929.24,37.85,true,false,891.38,6296.12
2024-02-06,14.3733,4214100,43084.67,13.0547,1010.12,37.31,true,false,972.81,6991.28
2024-02-07,14.7233,5939700,44318.22,13.4284,964.31,36.56,true,false,927.74,6829.74
2024-02-08,15.2000,6432000,45301.57,13.7264,1073.57,35.61,true,false,1037.97,7888.55
2024-02-09,15.8667,7257900,47147.20,14.2856,1106.75,34.36,true,false,1072.39,8507.65
2024-02-12,16.7700,6404100,49958.22,15.1373,1078.56,32.83,true,false,1045.73,8768.45
2024-02-13,16.4900,9443700,49742.44,15.0720,940.85,33.29,true,false,907.56,7482.81
2024-02-14,17.2733,11683500,51826.70,15.7035,999.68,32.05,true,false,967.63,8357.07
2024-02-15,17.2800,10072500,51938.55,15.7374,980.23,32.04,true,false,948.18,8192.31
2024-02-16,17.3233,5675700,52160.20,15.8045,960.98,31.98,true,false,929.01,8046.76
2024-02-20,17.3600,8202900,52284.88,15.8423,957.99,31.92,true,false,926.07,8038.30
2024-02-21,17.0067,11431800,51839.18,15.7073,827.26,32.46,true,false,794.80,6758.42
2024-02-22,17.3700,3781500,51304.97,15.5454,1173.72,31.91,true,false,1141.81,9916.64
2024-02-23,17.0467,4056300,50731.95,15.3718,1089.59,32.40,true,false,1057.19,9010.76
2024-02-26,18.1767,15595500,54522.40,16.5203,1002.63,30.76,true,false,971.88,8832.73
2024-02-27,19.0467,10775700,57085.37,17.2969,1011.63,29.63,true,false,982.00,9351.93
2024-02-28,20.1667,21924600,62504.79,18.9390,648.25,28.31,true,false,619.94,6251.02
2024-02-29,20.7600,9501300,61198.38,18.5431,1195.53,27.68,true,false,1167.86,12122.35
2024-03-01,21.0600,5721900,62440.63,18.9195,1131.37,27.37,true,false,1104.00,11625.10
2024-03-04,22.5967,12509700,68330.41,20.7041,914.09,25.91,true,false,888.18,10034.95
2024-03-05,20.6800,25505400,63801.20,19.3318,697.42,27.76,true,false,669.66,6924.29
2024-03-06,22.3667,8527200,66106.80,20.0304,1166.38,26.12,true,false,1140.26,12751.94
2024-03-07,22.5933,10567500,66925.48,20.2784,1141.56,25.92,true,false,1115.65,12603.08
2024-03-08,23.1300,11887200,68300.09,20.6949,1176.65,25.46,true,false,1151.20,13313.58
2024-03-11,24.0667,14723700,72123.91,21.8535,1012.71,24.70,true,false,988.01,11889.04
2024-03-12,23.8000,22278300,71481.29,21.6588,988.59,24.91,true,false,963.68,11467.81
2024-03-13,24.5367,11204100,73083.50,22.1443,1080.35,24.34,true,false,1056.01,12955.52
2024-03-14,23.1400,17618700,71396.59,21.6332,696.54,25.45,true,false,671.09,7764.52
2024-03-15,23.0500,9571200,69403.77,21.0293,960.87,25.52,true,false,935.35,10779.93
2024-03-18,22.2867,9556200,67548.59,20.4672,888.95,26.19,true,false,862.76,9614.06
2024-03-19,21.4700,14887500,61912.77,18.7596,1444.82,26.96,true,false,1417.87,15220.78
2024-03-20,21.9733,16595400,67913.67,20.5778,678.15,26.48,true,false,651.67,7159.71
2024-03-21,21.7400,10282200,65491.39,19.8439,955.51,26.70,true,false,928.81,10096.20
2024-03-22,21.3333,8810700,63778.76,19.3250,1039.26,27.09,true,false,1012.17,10796.44
2024-03-25,23.7100,12596100,69958.81,21.1975,1185.27,24.98,true,false,1160.29,13755.25
2024-03-26,23.1767,7525800,69987.84,21.2063,929.13,25.42,true,false,903.72,10472.59
2024-03-27,22.9000,8552700,69455.34,21.0450,881.46,25.65,true,false,855.81,9799.02
2024-03-28,23.6600,9526800,70744.95,21.4357,1037.65,25.02,true,false,1012.63,11979.43
2024-04-01,23.2600,5875800,69702.15,21.1198,1013.39,25.35,true,false,988.04,11490.92
2024-04-02,21.9900,5929500,65446.97,19.8304,1089.02,26.46,true,false,1062.55,11682.77
2024-04-03,21.9567,3618900,65980.81,19.9922,982.62,26.49,true,false,956.13,10496.71
2024-04-04,22.8467,5534100,68508.84,20.7582,1006.10,25.70,true,false,980.41,11199.51
2024-04-05,22.4767,5460000,67837.64,20.5548,934.99,26.02,true,false,908.97,10215.35
2024-04-08,23.9300,6236400,71631.36,21.7043,1025.46,24.80,true,false,1000.66,11972.89
2024-04-09,22.9933,7454700,69139.02,20.9491,975.80,25.57,true,false,950.23,10924.45
2024-04-10,23.3833,6188400,70587.88,21.3881,932.86,25.24,true,false,907.61,10611.49
2024-04-11,23.5033,5789400,70060.61,21.2284,1071.66,25.15,true,false,1046.52,12298.33
2024-04-12,22.2967,10749300,67195.87,20.3603,951.02,26.18,true,false,924.84,10310.45
2024-04-15,21.1033,8256000,63426.21,19.2181,980.94,27.32,true,false,953.62,10062.28
2024-04-16,20.9067,4731000,63811.86,19.3350,812.86,27.52,true,false,785.34,8209.42
2024-04-17,20.3500,8520600,61276.69,18.5668,960.40,28.11,true,false,932.29,9486.04
2024-04-18,21.1867,7046100,63512.75,19.2444,1009.28,27.24,true,false,982.04,10403.12
2024-04-19,21.4733,5412900,63843.57,19.3446,1100.43,26.96,true,false,1073.47,11525.49
2024-04-22,22.2000,4821000,66837.68,20.2518,961.98,26.27,true,false,935.71,10386.38
2024-04-23,22.1833,2796300,66407.27,20.1214,1024.74,26.29,true,false,998.46,11074.57
2024-04-24,21.3033,8093700,64276.90,19.4759,938.30,27.12,true,false,911.18,9705.60
2024-04-25,21.5867,3738600,64481.71,19.5380,1048.58,26.85,true,false,1021.73,11027.90
2024-04-26,21.2400,2640000,63755.32,19.3179,995.01,27.19,true,false,967.82,10278.24
2024-04-29,20.9900,3861900,63841.12,19.3439,850.99,27.44,true,false,823.55,8643.15
2024-04-30,19.6933,7215000,60636.86,18.3730,718.65,28.85,true,false,689.80,6792.18
2024-05-01,18.9567,7567800,58254.01,17.6510,739.73,29.74,true,false,710.00,6729.57
2024-05-02,19.7933,5177100,59123.43,17.9144,1048.84,28.73,true,false,1020.10,10095.63
2024-05-03,20.7133,4213500,62889.84,19.0556,869.93,27.73,true,false,842.21,8722.47
2024-05-06,21.0800,3187500,63161.95,19.1381,1014.69,27.35,true,false,987.35,10406.64
2024-05-07,21.0167,3126900,62334.82,18.8874,1127.32,27.41,true,false,1099.91,11558.19
2024-05-08,20.7133,1900200,61187.94,18.5399,1172.27,27.73,true,false,1144.55,11853.70
2024-05-09,20.8333,3366000,63049.96,19.1041,905.14,27.60,true,false,877.54,9141.05
2024-05-10,20.2133,5576100,60792.78,18.4202,973.45,28.26,true,false,945.19,9552.73
2024-05-13,21.0633,3586200,62901.45,19.0591,1051.57,27.36,true,false,1024.20,10786.55
2024-05-14,20.5233,2188800,61552.79,18.6505,1004.18,27.93,true,false,976.25,10017.95
2024-05-15,22.0200,6952800,66267.49,20.0791,966.65,26.44,true,false,940.22,10351.81
2024-05-16,21.7400,3244200,65231.58,19.7652,999.15,26.70,true,false,972.45,10570.50
2024-05-17,22.3800,3312900,67051.88,20.3167,1015.56,26.11,true,false,989.45,11071.96
2024-05-20,23.4000,5621700,71448.20,21.6488,808.91,25.23,true,false,783.68,9169.06
2024-05-21,23.1033,4255800,70136.53,21.2514,871.46,25.48,true,false,845.98,9772.46
2024-05-22,23.2167,2849700,69122.34,20.9441,1085.08,25.38,true,false,1059.70,12301.32
2024-05-23,22.3767,4687200,67929.56,20.5827,871.61,26.11,true,false,845.50,9459.76
2024-05-24,23.0800,3838800,68526.10,20.7634,1115.71,25.50,true,false,1090.21,12581.04
2024-05-28,22.7967,3891900,68296.22,20.6938,1016.21,25.74,true,false,990.47,11289.67
2024-05-29,22.4067,2794800,67578.09,20.4762,942.81,26.08,true,false,916.72,10270.35
2024-05-30,22.9167,3943500,68364.99,20.7146,1063.06,25.64,true,false,1037.42,11887.09
2024-05-31,22.5167,5303400,67491.41,20.4499,1010.65,25.99,true,false,984.66,11085.68
2024-06-03,23.0867,4742700,68804.78,20.8478,1073.88,25.49,true,false,1048.39,12101.94
2024-06-04,23.4967,5390100,70567.77,21.3820,988.98,25.15,true,false,963.83,11323.35
2024-06-05,23.7733,3614400,71082.82,21.5381,1037.81,24.93,true,false,1012.88,12039.74
2024-06-06,23.4900,3377400,70757.16,21.4394,956.45,25.16,true,false,931.30,10938.07
2024-06-07,23.0567,6935100,69342.59,21.0108,973.72,25.52,true,false,948.20,10931.20
2024-06-10,23.1533,2227500,69512.28,21.0622,992.83,25.44,true,false,967.39,11199.16
2024-06-11,22.4467,5383500,67332.03,20.4016,1002.40,26.05,true,false,976.35,10957.95
2024-06-12,22.5000,6848100,68241.19,20.6771,881.61,26.00,true,false,855.61,9625.66
2024-06-13,22.1700,5592000,66756.40,20.2272,960.49,26.30,true,false,934.20,10355.58
2024-06-14,21.8067,6059400,66011.09,20.0014,902.59,26.64,true,false,875.96,9550.84
2024-06-17,22.2233,3430200,66490.30,20.1466,1030.83,26.25,true,false,1004.58,11162.60
2024-06-18,21.4467,3980400,65140.75,19.7376,865.87,26.98,true,false,838.89,8995.66
2024-06-20,21.6700,3860700,64828.66,19.6431,1031.87,26.77,true,false,1005.11,10890.34
2024-06-21,21.4033,2457600,64096.20,19.4211,1020.63,27.02,true,false,993.61,10633.26
2024-06-24,19.7467,10519800,60277.41,18.2641,811.76,28.79,true,false,782.98,7730.58
2024-06-25,20.6367,10480800,61804.64,18.7268,1019.85,27.81,true,false,992.05,10236.29
2024-06-26,20.3033,3252900,60811.28,18.4258,1018.96,28.16,true,false,990.80,10058.23
2024-06-27,20.4567,2868900,61604.80,18.6663,959.17,28.00,true,false,931.17,9524.35
2024-06-28,19.9933,3005400,60320.14,18.2770,939.07,28.51,true,false,910.56,9102.56
2024-07-01,21.0567,6264000,62851.98,19.0442,1056.76,27.37,true,false,1029.39,10837.79
2024-07-02,20.6067,3498000,62029.02,18.7948,964.03,27.84,true,false,936.19,9645.91
2024-07-03,20.1367,2784900,60173.92,18.2327,1044.26,28.35,true,false,1015.91,10228.55
2024-07-05,18.8533,9312600,56662.38,17.1687,981.22,29.87,true,false,951.35,8968.11
2024-07-08,18.8133,7342200,56705.10,17.1816,949.67,29.92,true,false,919.75,8651.79
2024-07-09,19.2833,3965100,58009.23,17.5768,970.90,29.34,true,false,941.57,9078.28
2024-07-10,19.1333,3787500,57742.50,17.4960,935.85,29.52,true,false,906.33,8670.54
2024-07-11,19.1233,4792500,57344.91,17.3755,1005.91,29.53,true,false,976.38,9335.83
2024-07-12,19.2067,5105100,57899.46,17.5435,948.00,29.43,true,false,918.57,8821.35
2024-07-15,21.1533,7960500,64870.15,19.6557,761.96,27.27,true,false,734.68,7770.51
2024-07-16,21.7433,4902300,65097.15,19.7244,1023.55,26.70,true,false,996.86,10837.48
2024-07-17,21.5300,3445500,64118.79,19.4280,1081.95,26.90,true,false,1055.05,11357.57
2024-07-18,21.1867,3770400,63974.07,19.3841,929.90,27.24,true,false,902.66,9562.14
2024-07-19,22.4333,9190800,66710.16,20.2132,1098.37,26.06,true,false,1072.31,12027.75
2024-07-22,22.7700,4378500,67585.25,20.4783,1119.07,25.76,true,false,1093.31,12447.31
2024-07-23,21.8367,4169100,65927.67,19.9761,931.40,26.61,true,false,904.80,9878.87
2024-07-24,21.8733,3900300,65372.13,19.8078,1042.81,26.57,true,false,1016.24,11114.27
2024-07-25,21.5400,4383000,65777.23,19.9305,807.56,26.89,true,false,780.67,8407.77
2024-07-26,22.6800,4295700,67912.06,20.5774,1021.82,25.84,true,false,995.98,11294.45
2024-07-29,22.4233,8012700,66819.91,20.2464,1075.20,26.07,true,false,1049.13,11762.52
2024-07-30,21.9467,4154400,66201.02,20.0589,941.11,26.50,true,false,914.60,10036.25
2024-07-31,21.7233,3778500,64619.25,19.5796,1094.86,26.72,true,false,1068.15,11601.86
2024-08-01,21.0667,10461600,65357.50,19.8033,637.95,27.36,true,false,610.59,6431.50
2024-08-02,20.8267,6218100,61415.07,18.6088,1191.86,27.61,true,false,1164.25,12123.75
2024-08-05,17.8133,17231400,53991.46,16.3594,888.74,31.26,true,false,857.48,7637.25
2024-08-06,18.9033,6945900,56034.32,16.9784,1133.76,29.81,true,false,1103.95,10434.17
2024-08-07,18.2267,7175700,55027.46,16.6733,931.64,30.69,true,false,900.95,8210.63
2024-08-08,19.7933,6178200,61710.14,18.6982,585.71,28.73,true,false,556.97,5512.15
2024-08-09,20.2400,3142800,60880.11,18.4467,972.17,28.23,true,false,943.93,9552.61
2024-08-12,19.6600,4372500,59354.52,17.9844,931.69,28.89,true,false,902.80,8874.49
2024-08-13,20.2733,2668200,60609.57,18.3647,1039.30,28.20,true,false,1011.10,10249.17
2024-08-14,19.6200,5080800,58737.27,17.7974,1024.09,28.94,true,false,995.15,9762.44
2024-08-15,19.0067,5583600,57560.10,17.4407,897.87,29.68,true,false,868.20,8250.78
2024-08-16,19.9000,3912000,58894.11,17.8449,1151.64,28.61,true,false,1123.02,11174.08
2024-08-19,19.6433,2076300,59493.45,18.0265,896.91,28.91,true,false,868.00,8525.23
2024-08-20,19.8333,3636000,59012.79,17.8809,1091.92,28.69,true,false,1063.23,10543.75
2024-08-21,20.5500,3797700,61175.19,18.5361,1086.48,27.90,true,false,1058.59,10876.98
2024-08-22,20.0800,2445900,60381.91,18.2957,975.24,28.41,true,false,946.83,9506.21
2024-08-23,21.2200,8664900,64094.36,19.4206,926.55,27.21,true,false,899.34,9542.01
2024-08-26,21.0967,3279600,62880.66,19.0528,1072.71,27.33,true,false,1045.38,11027.06
2024-08-27,20.6933,2546100,59504.13,18.0298,1477.33,27.75,true,false,1449.58,14998.31
2024-08-28,19.6100,5318700,59027.63,17.8854,964.27,28.95,true,false,935.32,9170.82
2024-08-29,19.7400,7066800,59388.18,17.9946,969.95,28.80,true,false,941.15,9289.15
2024-08-30,19.5433,5624700,59119.48,17.9132,910.02,29.03,true,false,880.99,8608.75
2024-09-03,19.3167,2491500,57431.02,17.4016,1100.51,29.30,true,false,1071.22,10346.16
2024-09-04,19.3333,5095200,57971.54,17.5654,1006.50,29.28,true,false,977.22,9446.50
2024-09-05,18.6633,3590700,56160.49,17.0166,967.70,30.11,true,false,937.59,8749.30
2024-09-06,17.8167,5876400,53948.75,16.3465,899.40,31.26,true,false,868.14,7733.67
2024-09-09,19.0367,5656800,57019.54,17.2769,1018.55,29.64,true,false,988.92,9412.83
2024-09-10,19.3167,1578900,57648.71,17.4676,1058.60,29.30,true,false,1029.30,9941.32
2024-09-11,19.1933,4677600,57343.17,17.3750,1046.53,29.45,true,false,1017.09,9760.66
2024-09-12,19.4667,2158200,58127.01,17.6125,1052.77,29.12,true,false,1023.65,9963.52
2024-09-13,19.9100,5260200,60571.30,18.3531,848.30,28.60,true,false,819.70,8160.11
2024-09-16,19.3000,2319300,58192.51,17.6323,945.80,29.32,true,false,916.49,8844.09
2024-09-17,19.9667,6385500,60308.54,18.2735,926.58,28.54,true,false,898.04,8965.43
2024-09-18,20.0033,2914200,61649.68,18.6799,708.51,28.50,true,false,680.01,6801.23
2024-09-19,21.0700,2162100,62940.46,19.0710,1048.21,27.36,true,false,1020.85,10754.71
2024-09-20,20.9233,2092200,63192.98,19.1475,927.46,27.51,true,false,899.96,9415.06
2024-09-23,21.0833,2321100,63329.80,19.1889,987.24,27.34,true,false,959.89,10118.87
2024-09-24,21.4233,1906800,64301.97,19.4835,995.63,27.01,true,false,968.63,10375.59
2024-09-25,21.0467,1117200,63143.14,19.1324,1000.55,27.38,true,false,973.17,10241.01
2024-09-26,21.5633,5789700,65181.02,19.7498,918.23,26.87,true,false,891.36,9610.33
2024-09-27,21.8867,5879400,65790.66,19.9346,979.25,26.56,true,false,952.69,10425.62
2024-09-30,21.1567,2991600,63329.50,19.1888,1025.51,27.27,true,false,998.24,10559.69
2024-10-01,20.5633,5548200,60837.01,18.4336,1155.35,27.88,true,false,1127.46,11592.19
2024-10-02,20.0433,4041000,60632.79,18.3717,909.88,28.45,true,false,881.42,8833.34
2024-10-03,20.3233,2630400,60759.40,18.4101,1039.23,28.14,true,false,1011.09,10274.35
2024-10-04,20.7933,2407500,62067.48,18.8064,1056.49,27.64,true,false,1028.85,10696.62
2024-10-07,21.1233,2791800,62236.66,18.8577,1201.43,27.30,true,false,1174.13,12400.75
2024-10-08,20.7267,3163800,62131.97,18.8260,1009.60,27.71,true,false,981.89,10175.69
2024-10-09,20.3033,1816800,60582.10,18.3564,1060.64,28.16,true,false,1032.48,10481.39
2024-10-10,19.8733,2799300,60274.50,18.2632,881.64,28.64,true,false,853.00,8475.97
2024-10-11,21.0267,5747100,62445.09,18.9209,1112.95,27.40,true,false,1085.55,11412.77
2024-10-14,21.9600,7416000,66046.13,20.0120,973.43,26.49,true,false,946.94,10397.37
2024-10-15,22.3267,7316400,67041.11,20.3135,991.07,26.16,true,false,964.92,10771.70
2024-10-16,22.5733,2829300,67612.72,20.4867,1018.56,25.94,true,false,992.62,11203.38
2024-10-17,22.2633,2756400,67399.84,20.4222,901.56,26.21,true,false,875.35,9744.09
2024-10-18,22.8700,3651900,68418.79,20.7309,1031.85,25.68,true,false,1006.17,11505.54
2024-10-21,22.5600,3329100,67367.85,20.4125,1052.07,25.95,true,false,1026.13,11574.71
2024-10-22,22.4600,2722200,67361.41,20.4105,1004.14,26.04,true,false,978.10,10984.07
2024-10-23,22.1000,3300300,66432.20,20.1290,979.21,26.36,true,false,952.85,10528.96
2024-10-24,22.7300,2117700,68161.05,20.6528,1005.77,25.80,true,false,979.97,11137.40
2024-10-25,22.2233,7313400,66642.41,20.1927,1005.65,26.25,true,false,979.40,10882.82
2024-10-28,23.1967,3508800,69907.76,21.1821,951.10,25.40,true,false,925.70,10736.54
2024-10-29,24.1633,5822400,72720.49,22.0343,966.23,24.62,true,false,941.61,11376.20
2024-10-30,23.9100,2624700,72339.54,21.9189,908.40,24.82,true,false,883.58,10563.24
2024-10-31,23.2867,6186600,70215.19,21.2752,945.45,25.32,true,false,920.13,10713.34
2024-11-01,23.0267,5354400,69482.47,21.0532,937.38,25.54,true,false,911.84,10498.26
2024-11-04,22.3800,5609100,67811.51,20.5469,892.16,26.11,true,false,866.05,9691.14
2024-11-05,23.1133,5027700,69359.56,21.0159,998.00,25.47,true,false,972.53,11239.18
2024-11-06,25.3633,9414600,75639.08,22.9186,1066.68,23.74,true,false,1042.94,13226.23
2024-11-07,25.4833,4266000,75904.86,22.9992,1080.11,23.66,true,false,1056.45,13460.94
2024-11-08,25.5867,4056000,76545.48,23.1933,1031.93,23.59,true,false,1008.34,12900.08
2024-11-11,28.9767,8872500,88701.48,26.8765,781.39,21.53,true,false,759.86,11009.17
2024-11-12,29.8533,6288900,87955.81,26.6506,1201.74,21.07,true,false,1180.67,17623.47
2024-11-13,29.8567,9077700,90584.16,27.4470,877.93,21.07,true,false,856.86,12791.52
2024-11-14,29.0933,12705000,87250.43,26.4369,1004.83,21.47,true,false,983.36,14304.62
2024-11-15,30.5000,4411800,91066.01,27.5930,1053.53,20.75,true,false,1032.77,15749.80
2024-11-18,30.5033,5103900,90542.64,27.4344,1118.64,20.75,true,false,1097.88,16744.55
2024-11-19,30.8133,5679000,92343.79,27.9802,1012.56,20.60,true,false,991.96,15282.76
2024-11-20,31.4333,5060700,94339.49,28.5849,996.49,20.32,true,false,976.18,15342.27
2024-11-21,32.7033,7065000,98504.73,29.8469,957.02,19.76,true,false,937.26,15325.72
2024-11-22,32.9933,7611600,98997.66,29.9963,999.14,19.64,true,false,979.50,16158.44
2024-11-25,31.5667,7823700,93102.30,28.2100,1189.89,20.26,true,false,1169.63,18460.69
2024-11-26,30.2533,5245500,91985.32,27.8716,854.56,20.87,true,false,833.68,12610.82
2024-11-27,32.2067,5867100,95962.53,29.0766,1076.47,19.97,true,false,1056.50,17013.18
2024-11-29,32.3233,3602400,97461.52,29.5308,945.62,19.92,true,false,925.70,14960.81
2024-12-02,31.8800,5318400,95865.30,29.0472,975.24,20.12,true,false,955.13,15224.76
2024-12-03,31.8267,3896700,96002.16,29.0887,941.26,20.14,true,false,921.13,14658.18
2024-12-04,32.9567,4839300,98768.53,29.9269,1012.40,19.65,true,false,992.75,16358.84
2024-12-05,32.9867,7179900,96593.57,29.2679,1270.61,19.64,true,false,1250.97,20632.71
2024-12-06,33.8250,7067700,99920.71,30.2760,1172.22,19.30,true,false,1152.92,19498.78
2024-12-09,32.0267,5122800,97432.72,29.5221,848.37,20.05,true,false,828.31,13264.08
2024-12-10,32.1233,3764400,96675.43,29.2927,966.34,20.01,true,false,946.34,15199.72
2024-12-11,33.8333,4695000,101173.03,30.6554,1036.65,19.30,true,false,1017.35,17210.21
2024-12-12,33.3400,3289500,100043.00,30.3130,998.57,19.50,true,false,979.07,16321.16
2024-12-13,33.8500,3510600,101459.26,30.7422,1010.94,19.29,true,false,991.64,16783.59
2024-12-16,35.2333,5529600,106029.72,32.1270,966.89,18.77,true,false,948.12,16702.68
2024-12-17,35.5100,4930500,106140.60,32.1606,1041.46,18.67,true,false,1022.79,18159.58
2024-12-18,33.4400,4363800,100041.54,30.3126,1031.72,19.46,true,false,1012.26,16925.05
2024-12-19,32.0567,4015800,97490.95,29.5398,852.04,20.04,true,false,832.00,13335.63
2024-12-20,32.1000,3374400,97755.93,29.6200,837.25,20.02,true,false,817.24,13116.63
2024-12-23,30.9567,3275100,94686.24,28.6899,790.08,20.54,true,false,769.54,11911.26
2024-12-24,32.9233,2685000,98676.09,29.8989,1011.57,19.67,true,false,991.90,16328.34
2024-12-26,31.7900,2776800,95795.52,29.0260,952.23,20.16,true,false,932.08,14815.40
2024-12-27,31.4267,5169900,94164.86,28.5320,1014.55,20.32,true,false,994.23,15622.71
2024-12-30,31.3667,4259700,92643.21,28.0709,1174.09,20.35,true,false,1153.74,18094.54
2024-12-31,31.0900,3244200,93429.20,28.3090,982.35,20.47,true,false,961.88,14952.43
2025-01-02,32.4233,4601100,96886.88,29.3567,1044.60,19.88,true,false,1024.72,16612.47
2025-01-03,32.7467,4065600,98107.43,29.7266,1015.97,19.74,true,false,996.22,16311.50
2025-01-06,34.0267,3969000,102078.09,30.9297,1001.31,19.22,true,false,982.08,16708.49
2025-01-07,32.0633,6356100,96922.70,29.3676,917.93,20.03,true,false,897.90,14394.84
2025-01-08,31.2500,2593800,95043.52,28.7982,851.38,20.40,true,false,830.98,12984.02
2025-01-10,31.5300,2724600,94701.45,28.6945,988.15,20.27,true,false,967.88,15258.65
2025-01-13,31.1533,3115800,94516.52,28.6385,878.13,20.44,true,false,857.68,13359.85
2025-01-14,32.1000,1803900,96534.05,29.2498,974.43,20.02,true,false,954.41,15318.26
2025-01-15,33.1333,3453600,100504.49,30.4529,880.20,19.58,true,false,860.62,14257.63
2025-01-16,33.4167,2482200,99756.91,30.2263,1055.48,19.47,true,false,1036.01,17310.04
2025-01-17,34.8733,4290600,104462.04,31.6520,1017.74,18.90,true,false,998.83,17416.29
2025-01-21,35.3600,4110900,106146.27,32.1623,994.23,18.73,true,false,975.51,17246.95
2025-01-22,34.7167,2114100,103653.07,31.4069,1053.84,18.96,true,false,1034.88,17963.78
2025-01-23,34.3833,6705900,103960.17,31.4999,915.37,19.09,true,false,896.28,15408.53
2025-01-24,34.9133,2737800,104819.48,31.7603,992.76,18.89,true,false,973.87,17000.51
2025-01-27,33.7067,4692000,102087.69,30.9326,896.82,19.35,true,false,877.47,14788.31
2025-01-28,33.6700,2456400,101332.48,30.7037,966.09,19.37,true,false,946.73,15938.11
2025-01-29,34.7100,2669700,103703.21,31.4221,1046.37,18.96,true,false,1027.41,17830.70
2025-01-30,34.9267,2206200,104735.30,31.7348,1005.79,18.88,true,false,986.91,17234.75
2025-01-31,33.7767,3589800,102405.02,31.0287,885.61,19.32,true,false,866.29,14630.21
2025-02-03,33.6900,6078300,101405.42,30.7258,964.71,19.36,true,false,945.35,15924.49
2025-02-04,32.8600,3863700,97871.82,29.6552,1080.70,19.69,true,false,1061.01,17432.35
2025-02-05,32.3833,2396700,96615.45,29.2745,1061.97,19.90,true,false,1042.07,16872.85
2025-02-06,32.2633,2328600,96593.30,29.2678,1023.50,19.95,true,false,1003.55,16189.01
2025-02-07,31.8633,2880600,96529.09,29.2483,894.08,20.12,true,false,873.95,13923.52
2025-02-10,32.4100,1368300,97437.55,29.5236,977.67,19.88,true,false,957.78,15520.85
2025-02-11,31.6933,2116200,95747.43,29.0115,924.41,20.20,true,false,904.22,14328.80
2025-02-12,32.2667,1758300,97885.86,29.6594,879.06,19.95,true,false,859.12,13860.42
2025-02-13,32.0233,1602900,96623.87,29.2770,938.04,20.05,true,false,917.99,14698.51
2025-02-14,32.3800,2094900,97508.97,29.5452,959.47,19.90,true,false,939.58,15211.73
2025-02-18,31.3200,2773200,95539.55,28.9485,819.22,20.37,true,false,798.85,12510.02
2025-02-19,31.9867,1639800,96635.61,29.2806,924.19,20.07,true,false,904.12,14459.89
2025-02-20,32.7700,1806300,98333.94,29.7952,998.42,19.73,true,false,978.69,16035.84
2025-02-21,31.5533,5240700,96125.55,29.1260,833.38,20.26,true,false,813.11,12828.23
2025-02-24,31.2633,3124800,91418.17,27.6997,1286.52,20.39,true,false,1266.13,19791.68
2025-02-25,29.2867,7721400,88736.17,26.8871,892.48,21.37,true,false,871.11,12755.97
2025-02-26,28.0400,7695000,84347.02,25.5571,971.49,22.05,true,false,949.44,13311.18
2025-02-27,27.6967,3266100,84704.23,25.6654,791.45,22.25,true,false,769.20,10652.17
2025-02-28,28.0200,6316500,84373.01,25.5650,960.29,22.06,true,false,938.23,13144.58
2025-03-03,28.6133,6052500,86065.67,26.0779,972.25,21.73,true,false,950.53,13598.87
2025-03-04,28.8833,3994800,87222.20,26.4283,928.93,21.58,true,false,907.35,13103.66
2025-03-05,30.0900,3144000,90623.56,27.4589,958.18,20.96,true,false,937.22,14100.55
2025-03-06,29.6200,2859600,89961.73,27.2584,866.37,21.19,true,false,845.18,12517.14
2025-03-07,28.9633,4320300,86742.67,26.2830,1019.78,21.54,true,false,998.25,14456.29
2025-03-10,26.3500,5822100,78532.00,23.7952,1073.66,23.08,true,false,1050.59,13841.47
2025-03-11,27.6300,2946600,82862.21,25.1072,1004.79,22.29,true,false,982.50,13573.27
2025-03-12,27.5800,2210400,83722.36,25.3679,872.02,22.32,true,false,849.70,11717.39
2025-03-13,26.6567,2799900,81066.70,24.5632,852.27,22.88,true,false,829.39,11054.41
2025-03-14,28.1433,3358500,83969.10,25.4426,1061.48,21.99,true,false,1039.49,14627.42
2025-03-17,28.1200,2779500,84075.69,25.4749,1038.30,22.00,true,false,1016.30,14289.17
2025-03-18,27.3767,4230900,82718.50,25.0637,922.83,22.44,true,false,900.40,12324.92
2025-03-19,28.4233,2625000,86854.23,26.3168,800.44,21.83,true,false,778.61,11065.30
2025-03-20,28.0000,1712700,84167.20,25.5027,979.25,22.07,true,false,957.18,13400.46
2025-03-21,27.9083,1472400,84043.24,25.4651,959.44,22.12,true,false,937.32,13079.50
2025-03-24,29.3500,2660100,87498.91,26.5122,1070.39,21.33,true,false,1049.06,15394.89
2025-03-25,29.3267,1195800,87471.70,26.5039,1065.03,21.34,true,false,1043.68,15303.88
2025-03-26,28.7700,2145300,86900.88,26.3310,926.30,21.64,true,false,904.66,13013.49
2025-03-27,28.9467,1223700,87177.10,26.4147,958.56,21.55,true,false,937.01,13561.72
2025-03-28,27.8567,2018700,84353.15,25.5590,898.96,22.15,true,false,876.81,12212.50
2025-03-31,27.4000,1467000,82548.91,25.0123,954.60,22.42,true,false,932.18,12770.83
2025-04-01,28.2633,2199900,85169.17,25.8063,952.12,21.92,true,false,930.20,13145.29
2025-04-02,28.9200,2528400,82485.71,24.9932,1571.16,21.56,true,false,1549.60,22407.23
2025-04-03,27.2533,3152400,83102.83,25.1802,823.34,22.51,true,false,800.83,10912.58
2025-04-04,27.9233,4460100,83843.80,25.4047,991.42,22.12,true,false,969.30,13533.05
2025-04-07,25.9633,10671900,79235.34,24.0083,814.31,23.33,true,false,790.98,10268.24
2025-04-08,25.5133,3588900,76271.95,23.1104,1039.76,23.64,true,false,1016.12,12962.35
2025-04-09,27.3533,6588300,82573.95,25.0199,932.63,22.45,true,false,910.18,12448.17
2025-04-10,26.4567,2561700,79626.14,24.1267,965.71,23.01,true,false,942.70,12470.39
2025-04-11,27.8800,3038100,83404.84,25.2717,1032.12,22.14,true,false,1009.98,14079.08
2025-04-14,28.2500,2700900,84542.39,25.6163,1028.12,21.93,true,false,1006.19,14212.38
2025-04-15,27.9433,1987800,83668.99,25.3517,1022.27,22.10,true,false,1000.17,13973.98
2025-04-16,28.0500,2793600,84033.87,25.4623,1016.30,22.04,true,false,994.26,13944.50
2025-04-17,28.2367,2833800,84895.75,25.7234,977.03,21.94,true,false,955.09,13484.33
2025-04-21,29.0667,5426100,87518.91,26.5182,961.01,21.48,true,false,939.53,13654.54
2025-04-22,30.4367,5658600,93441.89,28.3129,750.11,20.78,true,false,729.32,11099.09
2025-04-23,31.0967,4652100,93699.11,28.3908,953.07,20.47,true,false,932.60,14500.31
2025-04-24,31.1400,4129500,93943.80,28.4650,939.76,20.45,true,false,919.31,14313.67
2025-04-25,31.7300,3924600,94720.50,28.7003,1055.63,20.18,true,false,1035.45,16427.36
2025-04-28,31.5167,1862700,94978.75,28.7786,951.44,20.28,true,false,931.16,14673.55
2025-04-29,31.7000,1134900,94284.79,28.5683,1096.22,20.20,true,false,1076.02,17054.97
2025-04-30,31.2967,2201100,94207.31,28.5448,964.05,20.38,true,false,943.67,14766.82
2025-05-01,32.1133,1873200,96492.34,29.2372,983.73,20.01,true,false,963.72,15474.13
2025-05-02,32.2600,1666500,96910.07,29.3638,986.33,19.95,true,false,966.38,15587.79
2025-05-05,31.3667,2343300,94748.05,28.7087,925.86,20.35,true,false,905.51,14201.40
2025-05-06,31.5767,1836000,96802.48,29.3312,765.57,20.25,true,false,745.32,11767.41
2025-05-07,31.9900,2704800,97032.32,29.4008,880.66,20.07,true,false,860.59,13765.17
2025-05-08,33.6967,2523900,103241.46,31.2822,771.85,19.35,true,false,752.49,12678.24
2025-05-09,34.3333,1521600,102970.85,31.2002,1004.21,19.11,true,false,985.11,16911.00
2025-05-12,33.8633,2963400,102812.95,31.1523,870.24,19.29,true,false,850.95,14408.08
2025-05-13,34.8633,2253600,104169.81,31.5635,1045.48,18.91,true,false,1026.57,17894.79
2025-05-14,34.3367,1890300,103539.41,31.3724,944.85,19.11,true,false,925.74,15893.48
2025-05-15,34.3000,2387400,103744.64,31.4346,911.53,19.12,true,false,892.41,15304.91
2025-05-16,34.6100,1668900,103489.29,31.3573,1037.32,19.00,true,false,1018.32,17621.97
2025-05-19,35.0967,2365500,105606.18,31.9987,968.16,18.82,true,false,949.34,16659.37
2025-05-20,35.6300,2357700,106791.09,32.3577,1011.29,18.63,true,false,992.66,17684.24
2025-05-21,36.1467,4269600,109678.08,33.2325,876.92,18.45,true,false,858.47,15515.37
2025-05-22,36.9967,4353000,111673.28,33.8370,933.79,18.16,true,false,915.63,16937.55
2025-05-23,36.1667,2251500,107287.80,32.5082,1125.40,18.44,true,false,1106.96,20017.44
2025-05-27,36.5700,2686800,108994.64,33.0254,1073.30,18.31,true,false,1055.00,19290.64
2025-05-28,35.5667,2016000,107802.33,32.6641,888.61,18.65,true,false,869.96,15470.72
2025-05-29,35.1200,5100900,105641.76,32.0095,971.76,18.81,true,false,952.95,16733.72
2025-05-30,34.7767,2154900,103998.57,31.5116,1036.16,18.94,true,false,1017.22,17687.76
2025-06-02,34.7500,1549800,105881.53,32.0821,831.58,18.95,true,false,812.63,14119.52
2025-06-03,35.3300,2316000,105432.47,31.9460,1059.27,18.74,true,false,1040.54,18381.10
2025-06-04,34.9100,1633200,104731.98,31.7338,1000.89,18.89,true,false,982.00,17140.83
2025-06-05,33.8733,7115100,101575.95,30.7775,1005.87,19.28,true,false,986.59,16709.47
2025-06-06,34.6700,2551200,104390.34,31.6303,961.02,18.98,true,false,942.04,16330.22
2025-06-09,36.1167,2937900,110294.10,33.4191,807.19,18.46,true,false,788.73,14243.15
2025-06-10,36.4133,1753800,110257.23,33.4079,899.60,18.36,true,false,881.25,16044.55
2025-06-11,36.1433,2519400,108686.63,32.9320,975.12,18.45,true,false,956.67,17288.70
2025-06-12,35.5100,2864700,105929.05,32.0965,1063.51,18.67,true,false,1044.84,18551.09
2025-06-13,34.9633,2061900,106090.97,32.1456,876.57,18.87,true,false,857.69,14993.94
2025-06-16,36.1500,1406600,106796.76,32.3594,1171.40,18.45,true,false,1152.95,20839.62
2025-06-17,34.8200,3484600,104601.12,31.6941,986.26,18.92,true,false,967.33,16841.30
2025-06-18,34.5200,1958300,104883.33,31.7796,862.30,19.04,true,false,843.26,14554.70
2025-06-20,34.3400,1929200,103309.60,31.3028,970.26,19.10,true,false,951.16,16331.37
2025-06-23,34.3200,2173900,105577.77,31.9901,728.33,19.11,true,false,709.22,12170.19
2025-06-24,35.1300,1221500,106045.63,32.1318,933.09,18.81,true,false,914.28,16059.26
2025-06-25,35.8400,1901600,107361.26,32.5305,1017.37,18.56,true,false,998.81,17898.68
2025-06-26,35.7900,682100,106960.00,32.4089,1043.27,18.57,true,false,1024.70,18336.95
2025-06-27,35.5300,1568800,107088.43,32.4478,949.90,18.67,true,false,931.23,16543.32
2025-06-30,35.7900,1458200,107135.34,32.4620,1025.20,18.57,true,false,1006.62,18013.52
2025-07-01,35.0200,1946700,105698.28,32.0266,934.67,18.85,true,false,915.82,16035.97
2025-07-02,36.4900,2313700,108859.32,32.9844,1062.81,18.33,true,false,1044.48,19056.58
2025-07-03,36.3300,1335000,109647.98,33.2233,935.09,18.39,true,false,916.70,16651.83
2025-07-07,35.9200,1296700,108299.85,32.8149,946.26,18.53,true,false,927.73,16662.09
2025-07-08,36.1750,950900,108950.27,33.0119,958.16,18.44,true,false,939.72,16997.17
2025-07-09,37.1800,1411700,111326.55,33.7319,1022.19,18.10,true,false,1004.09,18666.02
2025-07-10,37.7200,2014400,115987.20,35.1441,732.95,17.93,true,false,715.02,13485.22
2025-07-11,39.2900,2710900,117516.99,35.6076,1034.15,17.45,true,false,1016.69,19972.94
2025-07-14,39.8700,1978200,119849.70,36.3145,979.10,17.29,true,false,961.81,19173.69
2025-07-15,38.7000,3485200,117777.19,35.6865,844.44,17.63,true,false,826.81,15998.83
2025-07-16,39.6500,2739900,118738.51,35.9778,1020.70,17.35,true,false,1003.35,19891.33
2025-07-17,39.5600,1321200,119289.84,36.1448,944.86,17.38,true,false,927.48,18345.65
2025-07-18,39.0200,2452600,118003.23,35.7550,913.17,17.53,true,false,895.63,17473.81
2025-07-21,38.8200,1970300,117439.54,35.5842,909.34,17.59,true,false,891.75,17308.87
2025-07-22,39.6600,1998700,119995.41,36.3586,908.01,17.35,true,false,890.66,17661.81
2025-07-23,39.3700,1580300,118754.96,35.9828,941.35,17.43,true,false,923.92,18187.42
2025-07-24,39.5700,1205500,118368.00,35.8655,1032.89,17.37,true,false,1015.51,20091.93
2025-07-25,38.8300,1806400,117635.88,35.6437,893.94,17.59,true,false,876.35,17014.35
2025-07-28,39.2500,1557400,117924.48,35.7311,984.82,17.46,true,false,967.36,18984.41
2025-07-29,39.0500,1832800,117922.15,35.7304,929.07,17.52,true,false,911.54,17797.85
2025-07-30,38.8400,1852900,117831.19,35.7028,878.68,17.59,true,false,861.10,16722.51
2025-07-31,38.7800,1865400,115758.20,35.0747,1056.39,17.60,true,false,1038.79,20142.08
2025-08-01,37.5900,4704800,113320.09,34.3360,947.70,17.97,true,false,929.73,17474.21
2025-08-04,38.1300,1276000,115071.88,34.8668,935.91,17.80,true,false,918.11,17503.76
2025-08-05,37.7900,1656000,114141.45,34.5849,926.75,17.91,true,false,908.84,17172.52
2025-08-06,38.3200,1224300,115028.00,34.8535,994.60,17.74,true,false,976.85,18716.51
2025-08-07,39.1000,1835300,117496.90,35.6016,982.66,17.51,true,false,965.16,18868.79
2025-08-08,38.7100,1674500,116688.73,35.3567,948.42,17.62,true,false,930.80,18015.63
2025-08-11,39.5500,1446700,118731.45,35.9756,993.55,17.38,true,false,976.18,19303.87
2025-08-12,39.7500,2911500,120172.91,36.4124,916.61,17.32,true,false,899.29,17873.45
2025-08-13,40.8400,3130800,123344.06,37.3733,927.60,17.02,true,false,910.58,18594.11
2025-08-14,39.2500,4132900,118359.58,35.8630,944.44,17.46,true,false,926.98,18191.92
2025-08-15,38.8800,2254100,117398.35,35.5717,930.04,17.57,true,false,912.46,17738.28
2025-08-18,38.6600,1455000,116252.31,35.2245,975.33,17.64,true,false,957.69,18512.16
2025-08-19,37.5800,2792500,112831.18,34.1878,992.21,17.97,true,false,974.24,18305.90
2025-08-20,37.9900,1958400,114274.74,34.6252,971.76,17.85,true,false,953.92,18119.68
2025-08-21,37.2700,2258300,112419.03,34.0630,941.50,18.07,true,false,923.43,17208.07
2025-08-22,38.7800,3781800,116874.09,35.4128,950.83,17.60,true,false,933.22,18095.20
2025-08-25,36.8200,2470400,110124.35,33.3677,1034.63,18.22,true,false,1016.41,18712.08
2025-08-26,36.9400,2699400,111802.66,33.8762,904.41,18.18,true,false,886.23,16368.61
2025-08-27,37.2500,2165000,111222.06,33.7003,1053.32,18.08,true,false,1035.24,19281.32
2025-08-28,37.2000,1624000,112544.80,34.1011,908.75,18.10,true,false,890.65,16566.09
2025-08-29,35.9600,4235100,108410.84,32.8485,947.23,18.51,true,false,928.72,16698.36
2025-09-02,36.8300,2744100,111200.59,33.6938,930.80,18.22,true,false,912.58,16805.23
2025-09-03,37.3000,1811000,111723.21,33.8521,1018.51,18.06,true,false,1000.44,18658.27
2025-09-04,36.4900,1609700,110723.60,33.5493,876.55,18.33,true,false,858.22,15658.14
2025-09-05,37.1000,1959900,110650.98,33.5272,1065.63,18.13,true,false,1047.50,19431.06
2025-09-08,37.2500,2089200,112071.43,33.9576,969.55,18.08,true,false,951.47,17721.08
2025-09-09,36.9900,2128200,111530.55,33.7938,945.81,18.17,true,false,927.64,17156.78
2025-09-10,37.7400,2791600,113955.36,34.5285,930.11,17.92,true,false,912.19,17212.96
2025-09-11,38.0500,1733300,115507.54,34.9988,871.81,17.83,true,false,853.98,16246.96
2025-09-12,38.8600,1324300,116101.58,35.1788,1046.43,17.58,true,false,1028.85,19990.61
2025-09-15,38.3400,2205400,115444.88,34.9798,960.61,17.74,true,false,942.88,18074.92
2025-09-16,38.8500,1664800,116843.19,35.4035,973.50,17.58,true,false,955.91,18568.60
2025-09-17,38.4400,2971500,116468.51,35.2900,892.62,17.71,true,false,874.91,16815.77
2025-09-18,39.0400,1397800,117137.20,35.4926,999.48,17.53,true,false,981.96,19167.82
2025-09-19,38.2500,1765600,115688.86,35.0537,911.82,17.76,true,false,894.06,17098.85
2025-09-22,37.2700,2017000,112748.51,34.1628,909.53,18.07,true,false,891.45,16612.25
2025-09-23,37.0900,1190300,112014.50,33.9404,927.98,18.13,true,false,909.85,16873.15
2025-09-24,37.7100,911500,113328.63,34.3386,981.82,17.93,true,false,963.88,18174.05
2025-09-25,36.3400,4553700,109049.29,33.0419,998.15,18.38,true,false,979.76,17802.28
2025-09-26,36.2800,1865800,109712.83,33.2430,913.58,18.40,true,false,895.18,16238.50
2025-09-29,38.0200,3572100,114400.38,34.6633,968.37,17.84,true,false,950.53,18069.62
2025-09-30,38.0200,1850600,114056.09,34.5590,1001.48,17.84,true,false,983.64,18699.03
2025-10-01,39.0500,2812200,118648.93,35.9506,862.12,17.52,true,false,844.60,16490.73
2025-10-02,40.2050,2493300,120681.26,36.5664,995.06,17.19,true,false,977.87,19657.59
2025-10-03,40.8300,3650000,122266.53,37.0468,1021.21,17.02,true,false,1004.19,20500.46
2025-10-06,41.7000,2426100,124752.53,37.8000,1031.74,16.79,true,false,1014.95,21161.71
2025-10-07,40.4100,4280600,121451.38,36.7998,981.05,17.14,true,false,963.91,19475.83
2025-10-08,41.0100,1830600,123354.87,37.3765,972.13,16.97,true,false,955.15,19585.44
2025-10-09,40.2200,3367200,121705.59,36.8768,906.59,17.19,true,false,889.40,17885.84
2025-10-10,38.7400,6490400,113214.37,34.3040,1293.16,17.62,true,false,1275.54,24707.28
2025-10-13,38.5100,4750100,115271.08,34.9271,1025.81,17.69,true,false,1008.13,19411.45
2025-10-14,37.4300,3950300,113118.66,34.2750,920.51,18.02,true,false,902.49,16890.06
2025-10-15,36.9800,2983600,110783.16,33.5673,1016.67,18.17,true,false,998.51,18462.37
2025-10-16,35.9500,5910100,108186.04,32.7804,966.93,18.52,true,false,948.41,17047.71
2025-10-17,35.3800,7346000,106467.79,32.2597,967.23,18.72,true,false,948.51,16779.17
2025-10-20,36.8500,3991100,110588.93,33.5084,997.23,18.21,true,false,979.02,18038.36
2025-10-21,37.1800,6569600,108476.89,32.8685,1311.74,18.10,true,false,1293.64,24048.76
2025-10-22,35.8250,4166000,107688.59,32.6296,979.28,18.56,true,false,960.72,17208.90
2025-10-23,36.6300,3459600,110069.73,33.3511,983.14,18.29,true,false,964.85,17671.27
2025-10-24,36.7400,3087900,111033.92,33.6433,920.46,18.25,true,false,902.21,16573.60
2025-10-27,38.1800,2606300,114119.33,34.5782,1041.65,17.79,true,false,1023.87,19545.62
2025-10-28,37.7500,2660500,112956.16,34.2257,1029.72,17.92,true,false,1011.80,19097.67
2025-10-29,36.7300,6344700,110055.30,33.3468,1014.56,18.25,true,false,996.31,18297.28
2025-10-30,35.3300,4770400,108305.55,32.8166,765.90,18.74,true,false,747.16,13198.63
2025-10-31,36.4800,4315100,109556.16,33.1955,989.44,18.34,true,false,971.10,17712.86
2025-11-03,35.3900,3558000,106547.52,32.2839,962.12,18.72,true,false,943.40,16693.55
2025-11-04,33.4500,8393800,101590.52,30.7819,866.77,19.45,true,false,847.31,14171.31
2025-11-05,34.5000,2786800,103891.84,31.4792,959.61,19.04,true,false,940.57,16224.75
2025-11-06,33.5100,4864600,101301.29,30.6943,917.34,19.43,true,false,897.91,15044.49
2025-11-07,34.4900,3929500,103372.41,31.3218,1011.49,19.05,true,false,992.44,17114.62
2025-11-10,35.2100,4065600,105996.59,32.1170,963.05,18.78,true,false,944.27,16623.90
2025-11-11,34.1400,2051600,102997.47,31.2082,939.42,19.18,true,false,920.24,15708.49
2025-11-12,33.7300,4193600,101663.19,30.8039,949.90,19.34,true,false,930.55,15693.80
2025-11-13,32.5500,7899800,99697.49,30.2083,775.17,19.82,true,false,755.34,12293.24
2025-11-14,31.3100,7608100,94397.79,28.6025,946.58,20.37,true,false,926.21,14499.84
2025-11-17,30.4900,15773100,92093.88,27.9044,926.57,20.76,true,false,905.82,13809.16
2025-11-18,30.8200,8617800,92948.88,28.1635,943.24,20.60,true,false,922.64,14217.84
2025-11-19,29.7000,6933000,91465.99,27.7142,716.53,21.15,true,false,695.38,10326.37
2025-11-20,28.6700,9105600,86631.90,26.2495,922.13,21.70,true,false,900.43,12907.68
2025-11-21,28.0600,12091000,85090.69,25.7825,883.36,22.04,true,false,861.32,12084.36
2025-11-24,29.5900,4317200,88270.56,26.7460,1063.34,21.21,true,false,1042.14,15418.42
2025-11-25,29.0100,6176700,87341.89,26.4646,961.82,21.51,true,false,940.30,13639.11
2025-11-26,29.8600,3700100,90518.37,27.4271,887.06,21.07,true,false,865.99,12929.17
2025-11-28,30.1400,4495900,90919.27,27.5485,940.69,20.93,true,false,919.76,13860.77
2025-12-01,28.3900,8079800,86321.57,26.1554,854.34,21.85,true,false,832.49,11817.19
2025-12-02,30.2600,4850400,91350.20,27.6791,932.43,20.87,true,false,911.56,13791.91
2025-12-03,30.8900,5359500,93527.80,28.3389,900.20,20.57,true,false,879.63,13585.94
2025-12-04,30.7300,4217600,92141.63,27.9189,1006.88,20.64,true,false,986.23,15153.45
2025-12-05,29.6800,6034300,89387.76,27.0845,958.30,21.16,true,false,937.14,13907.15
2025-12-08,30.1500,3540300,90640.20,27.4640,978.01,20.93,true,false,957.09,14428.12
2025-12-09,30.9200,3302700,92691.71,28.0856,1009.21,20.55,true,false,988.65,15284.55
2025-12-10,30.7200,2699200,92020.95,27.8823,1017.72,20.65,true,false,997.08,15315.08
2025-12-11,30.4700,4306700,92511.34,28.0309,870.13,20.77,true,false,849.36,12940.07
2025-12-12,29.9500,2174400,90270.41,27.3519,949.87,21.03,true,false,928.84,13909.38
2025-12-15,28.4800,7348100,86419.78,26.1852,876.38,21.80,true,false,854.57,12169.14
2025-12-16,29.0600,5891800,87843.98,26.6167,917.95,21.49,true,false,896.46,13025.58
2025-12-17,28.5100,7001400,86143.76,26.1016,922.72,21.78,true,false,900.94,12842.84
2025-12-18,28.0900,6778300,85462.51,25.8951,847.60,22.02,true,false,825.58,11595.21
2025-12-19,29.2100,3419600,88103.38,26.6953,941.99,21.41,true,false,920.58,13445.14
2025-12-22,29.3100,3082900,88490.02,26.8125,931.48,21.35,true,false,910.13,13337.89
2025-12-23,29.1000,3147000,87414.00,26.4864,986.75,21.46,true,false,965.29,14044.96
2025-12-24,28.9700,1922200,87611.96,26.5464,912.96,21.53,true,false,891.42,12912.28
2025-12-26,29.0500,2482400,87301.43,26.4523,982.02,21.49,true,false,960.53,13951.66
2025-12-29,28.9100,1799300,87138.14,26.4029,949.57,21.57,true,false,928.01,13414.34
2025-12-30,29.1700,5068200,88430.13,26.7943,886.63,21.43,true,false,865.20,12619.01
2025-12-31,29.0400,2710800,87508.83,26.5152,952.22,21.50,true,false,930.72,13514.10
2026-01-02,29.7900,10191200,89944.70,27.2532,930.81,21.11,true,false,909.70,13550.04
2026-01-05,31.2900,7599000,93882.55,28.4464,999.63,20.38,true,false,979.25,15320.33
2026-01-06,30.7100,5217800,93729.03,28.3999,813.42,20.65,true,false,792.77,12172.92
2026-01-07,30.1850,3451700,91308.05,27.6663,910.37,20.91,true,false,889.46,13424.19
2026-01-08,30.1800,2310200,91027.13,27.5812,942.23,20.91,true,false,921.32,13902.69
2026-01-09,29.9500,2477000,90513.10,27.4255,920.51,21.03,true,false,899.48,13469.73
2026-01-12,30.3600,2958500,91192.99,27.6315,987.47,20.82,true,false,966.65,14673.71
2026-01-13,31.3500,4332000,95321.78,28.8825,854.32,20.35,true,false,833.97,13072.48
2026-01-14,32.4600,4349500,96929.33,29.3696,1052.25,19.86,true,false,1032.39,16755.63
2026-01-15,31.6300,3496300,95551.19,28.9520,924.98,20.23,true,false,904.75,14308.59
2026-01-16,31.7100,3743800,95525.12,28.9441,955.60,20.19,true,false,935.41,14830.85
2026-01-20,29.7300,4676200,88310.91,26.7582,1110.61,21.14,true,false,1089.47,16195.04
2026-01-21,29.9100,6925300,89376.96,27.0812,1044.55,21.05,true,false,1023.51,15306.58
2026-01-22,29.6600,3109900,89462.45,27.1071,941.77,21.17,true,false,920.60,13652.52
2026-01-23,29.6900,4466500,89503.88,27.1197,947.77,21.16,true,false,926.62,13755.60
2026-01-26,29.0500,3060900,88267.14,26.7449,861.87,21.49,true,false,840.38,12206.45
2026-01-27,29.6400,3779000,89102.57,26.9981,978.56,21.18,true,false,957.38,14188.32
2026-01-28,29.5400,6228100,89184.57,27.0229,931.46,21.23,true,false,910.23,13444.04
2026-01-29,27.9100,9339000,84561.59,25.6222,892.91,22.12,true,false,870.79,12151.89
2026-01-30,27.8000,10215900,84128.66,25.4910,905.82,22.19,true,false,883.63,12282.46
2026-02-02,25.8700,17499600,78688.77,23.8427,850.28,23.39,true,false,826.89,10695.81
2026-02-03,25.3600,21540400,75633.55,22.9170,1066.04,23.74,true,false,1042.29,13216.28
2026-02-04,24.3500,14456000,73019.70,22.1250,1005.66,24.48,true,false,981.18,11945.92
2026-02-05,21.1400,15890400,62702.10,18.9987,1127.06,27.29,true,false,1099.77,11624.56
2026-02-06,23.2400,6216300,70555.39,21.3783,870.84,25.36,true,false,845.48,9824.49
2026-02-09,23.4900,5521500,70120.78,21.2466,1055.89,25.16,true,false,1030.73,12105.94
2026-02-10,22.8200,3731600,68793.96,20.8446,947.70,25.72,true,false,921.98,10519.74
2026-02-11,22.4200,7686000,66991.97,20.2986,1045.11,26.07,true,false,1019.04,11423.48
2026-02-12,21.6800,5188100,66221.84,20.0652,804.77,26.76,true,false,778.01,8433.63
2026-02-13,22.8200,7007100,68857.84,20.8639,937.54,25.72,true,false,911.82,10403.85
2026-02-17,22.4800,6051200,67494.22,20.4507,992.26,26.02,true,false,966.24,10860.59
2026-02-18,21.9800,4281300,66425.32,20.1269,920.72,26.47,true,false,894.25,9827.81
2026-02-19,22.2900,4900300,66957.52,20.2881,986.72,26.19,true,false,960.53,10705.13
2026-02-20,22.4800,6153500,68005.42,20.6056,909.63,26.02,true,false,883.61,9931.83
2026-02-23,21.3850,4897900,64616.74,19.5789,922.49,27.04,true,false,895.45,9574.55
2026-02-24,21.4100,4683100,64080.04,19.4163,1026.84,27.02,true,false,999.83,10703.14
2026-02-25,22.9800,5601200,67960.13,20.5919,1159.72,25.58,true,false,1134.14,13031.22
2026-02-26,22.3800,6326500,67453.77,20.4385,949.93,26.11,true,false,923.82,10337.53
2026-02-27,21.7800,2942900,65881.80,19.9622,910.63,26.66,true,false,883.97,9626.42
2026-03-02,22.9600,15331500,68775.85,20.8391,1017.76,25.60,true,false,992.16,11389.99
2026-03-03,22.6500,10549800,68293.65,20.6930,945.74,25.87,true,false,919.88,10417.59
2026-03-04,24.2600,11422800,72710.58,22.0313,1011.60,24.55,true,false,987.05,11972.97
2026-03-05,23.6400,6999400,70841.13,21.4649,1013.35,25.04,true,false,988.31,11681.86
2026-03-06,22.6000,4340700,68136.49,20.6454,946.77,25.91,true,false,920.86,10405.72
2026-03-09,22.9300,6489100,68402.38,20.7259,1063.44,25.62,true,false,1037.82,11898.55
2026-03-10,23.2550,5655700,69926.92,21.1879,975.63,25.35,true,false,950.28,11049.32
2026-03-11,23.4600,4387600,70204.88,21.2721,1028.54,25.18,true,false,1003.36,11769.40
2026-03-12,23.3900,3953300,70493.46,21.3595,950.62,25.24,true,false,925.38,10822.34
2026-03-13,23.6200,8199400,70968.27,21.5034,984.32,25.05,true,false,959.27,11328.93
2026-03-16,24.5500,5314200,74861.09,22.6829,823.13,24.33,true,false,798.80,9805.23
2026-03-17,24.7500,3873300,73922.48,22.3985,1049.84,24.18,true,false,1025.66,12692.54
2026-03-18,23.5900,4348200,71245.58,21.5874,927.67,25.08,true,false,902.59,10646.05
2026-03-19,23.3100,5157700,69912.79,21.1836,1003.81,25.31,true,false,978.50,11404.45
2026-03-20,23.2800,3745800,70522.59,21.3683,894.62,25.33,true,false,869.29,10118.55
2026-03-23,23.4500,6281600,70914.86,21.4872,913.47,25.19,true,false,888.28,10415.12
2026-03-24,23.0100,4793500,70517.86,21.3669,768.99,25.56,true,false,743.43,8553.17
2026-03-25,23.5200,2621300,71309.88,21.6069,885.41,25.13,true,false,860.28,10116.92
2026-03-26,22.7300,6199400,68791.63,20.8439,904.89,25.80,true,false,879.09,9990.87
2026-03-27,21.9000,3319500,66338.38,20.1005,895.24,26.55,true,false,868.69,9512.14
2026-03-30,22.0600,3968800,66691.45,20.2075,916.73,26.40,true,false,890.34,9820.40
2026-03-31,22.4900,6323900,68233.31,20.6747,878.03,26.01,true,false,852.02,9581.01
2026-04-01,22.6200,4137600,68078.55,20.6278,965.78,25.89,true,false,939.89,10630.15
2026-04-02,22.2400,4267700,66888.57,20.2672,973.38,26.23,true,false,947.14,10532.21
2026-04-06,23.1500,3100100,68859.83,20.8645,1095.39,25.44,true,false,1069.95,12384.65
2026-04-07,22.9000,3169200,71940.70,21.7980,505.53,25.65,true,false,479.88,5494.67
2026-04-08,23.6900,2578500,71123.36,21.5504,992.85,25.00,true,false,967.85,11464.20
2026-04-09,23.9500,3919100,71767.83,21.7457,1013.70,24.79,true,false,988.91,11842.16
2026-04-10,24.3100,2718600,72979.05,22.1127,993.71,24.51,true,false,969.20,11780.57
2026-04-13,24.3500,2499900,74484.64,22.5688,789.21,24.48,true,false,764.73,9310.57
2026-04-14,24.6600,3452700,74181.61,22.4770,971.20,24.25,true,false,946.95,11675.93
2026-04-15,24.9100,1294500,74805.08,22.6659,990.06,24.07,true,false,965.99,12031.45
2026-04-16,25.0200,4505800,75152.13,22.7711,987.61,23.99,true,false,963.63,12054.99
2026-04-17,25.7200,3761200,77126.88,23.3694,1005.82,23.50,true,false,982.33,12632.74
2026-04-20,25.3200,1227600,75872.52,22.9894,1013.78,23.77,true,false,990.01,12533.54
2026-04-21,24.8900,2029700,76352.77,23.1349,758.64,24.08,true,false,734.56,9141.62
2026-04-22,26.1700,1932200,78203.10,23.6955,1044.27,23.20,true,false,1021.08,13360.80
2026-04-23,25.7950,1933800,78268.95,23.7155,876.86,23.45,true,false,853.41,11006.87
2026-04-24,25.7700,1570100,77455.31,23.4690,980.46,23.46,true,false,957.00,12330.93
2026-04-27,25.5200,1533100,77366.63,23.4421,886.40,23.63,true,false,862.77,11008.94
2026-04-28,25.3250,971100,76350.67,23.1343,946.97,23.77,true,false,923.20,11690.05
2026-04-29,25.0400,2114100,75776.13,22.9602,905.84,23.97,true,false,881.87,11041.05
2026-04-30,25.3500,1054900,76304.32,23.1202,964.43,23.75,true,false,940.68,11923.15
2026-05-01,26.0200,2017900,78179.00,23.6882,984.36,23.29,true,false,961.06,12503.40
2026-05-04,26.5700,1985400,79827.91,24.1879,984.85,22.94,true,false,961.91,12779.04
2026-05-05,27.1000,1547800,80927.05,24.5209,1051.80,22.61,true,false,1029.19,13945.56
2026-05-06,27.0300,1497500,81427.53,24.6725,955.50,22.65,true,false,932.85,12607.48
2026-05-07,26.5800,1425200,80009.99,24.2430,963.98,22.93,true,false,941.05,12506.52
2026-05-08,26.6000,947100,80186.77,24.2966,948.04,22.92,true,false,925.12,12304.11
2026-05-11,27.1900,1625100,81728.30,24.7637,979.79,22.55,true,false,957.24,13013.71
2026-05-12,26.8000,1388000,80477.49,24.3847,990.51,22.79,true,false,967.72,12967.39
2026-05-13,26.3800,2006900,79277.12,24.0210,982.07,23.06,true,false,959.01,12649.39
2026-05-14,26.9900,3219100,81051.25,24.5585,990.07,22.67,true,false,967.40,13055.05
2026-05-15,26.2500,3273400,79065.68,23.9569,957.18,23.14,true,false,934.03,12259.20
2026-05-18,25.4800,2655700,76954.17,23.3171,927.60,23.66,true,false,903.93,11516.13
2026-05-19,25.4700,997000,76750.91,23.2555,952.24,23.67,true,false,928.57,11825.31
2026-05-20,25.7500,925700,77457.77,23.4697,971.59,23.48,true,false,948.11,12206.98
2026-05-21,25.7600,1028200,77539.17,23.4944,964.33,23.47,true,false,940.86,12118.28
2026-05-22,25.1350,1332500,75488.24,22.8729,988.97,23.90,true,false,965.07,12128.46
2026-05-26,25.1700,3044300,75825.73,22.9752,955.29,23.88,true,false,931.41,11721.84
2026-05-27,24.8400,1417400,74344.70,22.5264,1027.04,24.12,true,false,1002.92,12456.31
2026-05-28,24.3100,2317900,73536.55,22.2816,910.36,24.51,true,false,885.85,10767.48
2026-05-29,24.3500,1858200,73372.52,22.2319,952.74,24.48,true,false,928.26,11301.59
2026-06-01,23.7100,2216300,71319.77,21.6099,971.83,24.98,true,false,946.85,11224.88
2026-06-02,22.2900,3262900,66703.66,20.2112,1028.53,26.19,true,false,1002.35,11171.15
2026-06-03,21.6800,2650100,64014.37,19.3964,1177.36,26.76,true,false,1150.60,12472.53
2026-06-04,21.0800,2418600,63801.57,19.3319,904.27,27.35,true,false,876.92,9242.76
2026-06-05,20.0000,4470100,60922.67,18.4596,834.49,28.50,true,false,805.99,8059.90
2026-06-08,21.0200,1799500,63090.59,19.1164,995.77,27.41,true,false,968.36,10177.45
2026-06-09,20.5800,2327300,61643.78,18.6781,1018.27,27.87,true,false,990.41,10191.27
2026-06-10,20.5200,2658100,61449.29,18.6191,1020.92,27.93,true,false,992.99,10188.09
2026-06-11,21.0800,2179500,63561.05,19.2590,945.53,27.35,true,false,918.18,9677.67
2026-06-12,21.0800,1645700,63543.20,19.2536,948.61,27.35,true,false,921.26,9710.09
2026-06-15,22.0900,1175900,66289.50,20.0857,997.86,26.37,true,false,971.49,10730.14
2026-06-16,21.7700,761000,65600.64,19.8770,952.36,26.67,true,false,925.69,10076.13
2026-06-17,21.3000,1563500,64418.45,19.5188,912.56,27.13,true,false,885.44,9429.88
2026-06-18,20.8800,2741200,62896.47,19.0576,956.24,27.55,true,false,928.69,9695.51
2026-06-22,21.3600,1746500,63952.11,19.3775,1023.10,27.07,true,false,996.03,10637.64
2026-06-23,20.6800,1445600,62668.02,18.9884,890.85,27.76,true,false,863.09,8924.39
2026-06-24,19.8600,2941200,60995.13,18.4815,745.87,28.66,true,false,717.21,7121.88
2026-06-25,19.6400,2589100,59721.68,18.0957,853.43,28.91,true,false,824.51,8096.72
2026-06-26,19.8000,1988800,60016.43,18.1850,888.11,28.73,true,false,859.38,8507.86
2026-06-29,20.0000,1455900,60138.38,18.2219,975.79,28.50,true,false,947.29,9472.86
2026-06-30,19.4600,1858100,58558.86,17.7433,967.50,29.12,true,false,938.37,9130.38
2026-07-01,19.8900,2202400,60003.76,18.1811,939.91,28.62,true,false,911.28,9062.72
2026-07-02,20.3700,2177200,61485.30,18.6300,933.95,28.09,true,false,905.86,9226.18
2026-07-06,21.1300,2305600,63995.02,19.3905,897.09,27.30,true,false,869.80,9189.41
2026-07-07,21.1600,1613300,63297.39,19.1791,1032.84,27.27,true,false,1005.57,10638.93
2026-07-08,20.6300,2242500,62257.57,18.8640,936.15,27.81,true,false,908.34,9369.48
2026-07-09,20.9700,1273657,63197.33,19.1488,951.08,27.46,true,false,923.62,9684.19
